"id","name","username"
1,"klaus","1234"
2,"whiskey","1234"
3,"42","2848"
4,"42","1656"
5,"book","5299"
6,"42","5928"
7,"whiskey","6627"
8,"movies","7155"
9,"movies","7155"
10,"movies","kensentme"
11,"whiskey","9888"
12,"whiskey","8593"
13,"whiskey","4850"
14,"42","6710"
15,"whiskey","3513"
16,"42","5620"
17,"whiskey","6383"
18,"42","4640"
19,"movies","4791"
20,"whiskey","5985"
21,"42","2038"
22,"whiskey","2886"
23,"42","3296"
24,"whiskey","1070"
25,"whiskey","1070"
26,"whiskey","1070"
27,"spotify","1848"
28,"42","7566"
29,"movies","6576"
30,"whiskey","8327"
31,"movies","7980"
32,"book","6006"
33,"42","7182"
34,"spotify","7023"
35,"book","1585"
36,"book","dong"
37,"42","3300"
38,"42","6988"
39,"whiskey","6163"
40,"whiskey","4137"
41,"42","7845466"
42,"whiskey","3957"
43,"42","4463"
44,"movies","9658"
45,"spotify","1936"
46,"42","2318"
47,"spotify","2824"
48,"spotify","5874"
49,"whiskey","1639"
50,"whiskey","3682"
51,"whiskey","5969"
52,"whiskey","7869"
53,"42","4974"
54,"whiskey","1274"
55,"movies","5283"
56,"42","4034"
57,"42","2119"
58,"whiskey","3735"
59,"whiskey","3335"
60,"movies","blaaa"
61,"movies","2548"
62,"book","123456789"
